CookerStat, GenerateAssetRegistry=0.210434, Initialize=0.911620, RunGuid=RunID0CF1DA1A4AC6ED57BA790287E87FA416
SavePackageTransactionId157198414D329B284A9BB7B2E1EC4950_0, Filename=../../../../../../Users/EllightDunois/Documents/Unreal Projects/MagicDangion/Saved/Autosaves/Game/BluePrints/Marisa_BP_Auto1.uasset, AutoPackageBackupDelegate=31.014462, FlushAsyncLoading=0.009730, FlushStreamingFunc=0.036862, BlockTillAllRequestsFinished=0.016641, ResetLoadersForSaveUnMarkAllObjects=0.712961, TagPackageExports=69.012878, BeginCacheForCookedPlatformData=0.004098, SerializeImports=72.206223, GatherLocalizableTextData=18.519592, MarkNames=0.134911, SerializeSummary=0.190720, SerializeNames=0.336386, SerializeGatherableTextData=0.118013, BuildExportMap=0.543747, SortExportsNonSeekfree=3.112711, SortExportsSeekfreeConstructor=0.358399, SortExportsSeekfreeInner=76.859299, SortExportsSeekfree=0.007167, BuildDependencyMap=0.541698, SerializeImportMap=0.026114, SerializeExportMap=0.090878, SerializeDependencyMap=0.017922, SerializeStringAssetReferenceMap=0.002045, SaveThumbNailsAssetRegistryDataWorldLevelInfo=9.485334, SerializeExports=76.829086, SerializeBulkData=0.022016, MoveFile=3.192328, UnaccountedTime=0.577536, RunGuid=RunID0CF1DA1A4AC6ED57BA790287E87FA416
SavePackageTransactionId157198414D329B284A9BB7B2E1EC4950_1, Filename=../../../../../../Users/EllightDunois/Documents/Unreal Projects/MagicDangion/Saved/Autosaves/Game/BluePrints/UMG/MagicIcon_BP_Auto1.uasset, AutoPackageBackupDelegate=8.064530, FlushAsyncLoading=0.008449, FlushStreamingFunc=0.061695, BlockTillAllRequestsFinished=0.003327, ResetLoadersForSaveUnMarkAllObjects=0.950020, TagPackageExports=10.580759, BeginCacheForCookedPlatformData=0.005633, SerializeImports=11.010326, GatherLocalizableTextData=6.914061, MarkNames=0.045825, SerializeSummary=0.008702, SerializeNames=0.236545, SerializeGatherableTextData=0.081919, BuildExportMap=0.152834, SortExportsNonSeekfree=0.737537, SortExportsSeekfreeConstructor=0.006914, SortExportsSeekfreeInner=10.684948, SortExportsSeekfree=0.003073, BuildDependencyMap=0.067584, SerializeImportMap=0.017155, SerializeExportMap=0.038143, SerializeDependencyMap=0.006914, SerializeStringAssetReferenceMap=0.001278, SaveThumbNailsAssetRegistryDataWorldLevelInfo=0.786692, SerializeExports=11.825174, SerializeBulkData=0.004351, MoveFile=2.894085, UnaccountedTime=0.146944, RunGuid=RunID0CF1DA1A4AC6ED57BA790287E87FA416
SavePackageTransactionId157198414D329B284A9BB7B2E1EC4950_2, Filename=../../../../../../Users/EllightDunois/Documents/Unreal Projects/MagicDangion/Saved/Autosaves/Game/BluePrints/UMG/ButtoleUI_Auto1.uasset, AutoPackageBackupDelegate=12.843292, FlushAsyncLoading=0.008702, FlushStreamingFunc=0.044543, BlockTillAllRequestsFinished=0.003841, ResetLoadersForSaveUnMarkAllObjects=0.111360, TagPackageExports=21.993771, BeginCacheForCookedPlatformData=0.002816, SerializeImports=22.505775, GatherLocalizableTextData=9.601042, MarkNames=0.079107, SerializeSummary=0.010494, SerializeNames=0.224002, SerializeGatherableTextData=0.142079, BuildExportMap=0.151299, SortExportsNonSeekfree=1.377538, SortExportsSeekfreeConstructor=0.007935, SortExportsSeekfreeInner=22.664495, SortExportsSeekfree=0.003330, BuildDependencyMap=0.092160, SerializeImportMap=0.021249, SerializeExportMap=0.050433, SerializeDependencyMap=0.037633, SerializeStringAssetReferenceMap=0.002045, SaveThumbNailsAssetRegistryDataWorldLevelInfo=1.032453, SerializeExports=25.455154, SerializeBulkData=0.005376, MoveFile=3.196422, UnaccountedTime=0.152320, RunGuid=RunID0CF1DA1A4AC6ED57BA790287E87FA416
SavePackageTransactionId157198414D329B284A9BB7B2E1EC4950_3, Filename=../../../../../../Users/EllightDunois/Documents/Unreal Projects/MagicDangion/Content/BluePrints/MagicDatas.uasset, AutoPackageBackupDelegate=9.045009, FlushAsyncLoading=0.005633, FlushStreamingFunc=0.049919, BlockTillAllRequestsFinished=0.003841, ResetLoadersForSaveUnMarkAllObjects=0.107266, TagPackageExports=0.025857, BeginCacheForCookedPlatformData=0.000767, SerializeImports=0.503041, GatherLocalizableTextData=0.124928, MarkNames=0.006910, SerializeSummary=0.009216, SerializeNames=0.028674, SerializeGatherableTextData=0.001024, BuildExportMap=0.018943, SortExportsNonSeekfree=0.013568, SortExportsSeekfreeConstructor=0.006143, SortExportsSeekfreeInner=0.103168, SortExportsSeekfree=0.006400, BuildDependencyMap=0.013825, SerializeImportMap=0.003837, SerializeExportMap=0.003584, SerializeDependencyMap=0.001792, SerializeStringAssetReferenceMap=0.001792, SaveThumbNailsAssetRegistryDataWorldLevelInfo=0.046592, SerializeExports=0.305921, SerializeBulkData=0.004608, MoveFile=2.372358, UnaccountedTime=0.800259, RunGuid=RunID0CF1DA1A4AC6ED57BA790287E87FA416
SavePackageTransactionId157198414D329B284A9BB7B2E1EC4950_4, Filename=../../../../../../Users/EllightDunois/Documents/Unreal Projects/MagicDangion/Content/BluePrints/MagicDatas.uasset, AutoPackageBackupDelegate=8.661777, FlushAsyncLoading=0.004351, FlushStreamingFunc=0.046082, BlockTillAllRequestsFinished=0.004094, ResetLoadersForSaveUnMarkAllObjects=0.111107, TagPackageExports=0.029951, BeginCacheForCookedPlatformData=0.000767, SerializeImports=0.370175, GatherLocalizableTextData=0.137474, MarkNames=0.007935, SerializeSummary=0.006914, SerializeNames=0.033792, SerializeGatherableTextData=0.001021, BuildExportMap=0.022788, SortExportsNonSeekfree=0.014078, SortExportsSeekfreeConstructor=0.042498, SortExportsSeekfreeInner=0.049662, SortExportsSeekfree=0.002049, BuildDependencyMap=0.009727, SerializeImportMap=0.004351, SerializeExportMap=0.003841, SerializeDependencyMap=0.001024, SerializeStringAssetReferenceMap=0.001792, SaveThumbNailsAssetRegistryDataWorldLevelInfo=0.046592, SerializeExports=0.337411, SerializeBulkData=0.003584, MoveFile=2.899975, UnaccountedTime=0.843521, RunGuid=RunID0CF1DA1A4AC6ED57BA790287E87FA416
SavePackageTransactionId157198414D329B284A9BB7B2E1EC4950_5, Filename=../../../../../../Users/EllightDunois/Documents/Unreal Projects/MagicDangion/Content/BluePrints/MagicDatas.uasset, AutoPackageBackupDelegate=8.236814, FlushAsyncLoading=0.005122, FlushStreamingFunc=0.047103, BlockTillAllRequestsFinished=0.004608, ResetLoadersForSaveUnMarkAllObjects=0.226561, TagPackageExports=0.023298, BeginCacheForCookedPlatformData=0.000767, SerializeImports=0.346370, GatherLocalizableTextData=0.118528, MarkNames=0.006400, SerializeSummary=0.006143, SerializeNames=0.028159, SerializeGatherableTextData=0.000767, BuildExportMap=0.020225, SortExportsNonSeekfree=0.012547, SortExportsSeekfreeConstructor=0.038654, SortExportsSeekfreeInner=0.040449, SortExportsSeekfree=0.001281, BuildDependencyMap=0.006653, SerializeImportMap=0.003584, SerializeExportMap=0.003584, SerializeDependencyMap=0.001024, SerializeStringAssetReferenceMap=0.001792, SaveThumbNailsAssetRegistryDataWorldLevelInfo=0.039171, SerializeExports=0.296447, SerializeBulkData=0.003584, MoveFile=2.231300, UnaccountedTime=0.071935, RunGuid=RunID0CF1DA1A4AC6ED57BA790287E87FA416
SavePackageTransactionId157198414D329B284A9BB7B2E1EC4950_6, Filename=../../../../../../Users/EllightDunois/Documents/Unreal Projects/MagicDangion/Content/BluePrints/MagicDatas.uasset, AutoPackageBackupDelegate=5.167369, FlushAsyncLoading=0.003073, FlushStreamingFunc=0.043008, BlockTillAllRequestsFinished=0.003841, ResetLoadersForSaveUnMarkAllObjects=0.092927, TagPackageExports=0.024062, BeginCacheForCookedPlatformData=0.000767, SerializeImports=0.314113, GatherLocalizableTextData=0.142083, MarkNames=0.007935, SerializeSummary=0.006914, SerializeNames=0.030976, SerializeGatherableTextData=0.000767, BuildExportMap=0.022527, SortExportsNonSeekfree=0.015359, SortExportsSeekfreeConstructor=0.007939, SortExportsSeekfreeInner=0.065789, SortExportsSeekfree=0.001796, BuildDependencyMap=0.007678, SerializeImportMap=0.004098, SerializeExportMap=0.004094, SerializeDependencyMap=0.001278, SerializeStringAssetReferenceMap=0.001535, SaveThumbNailsAssetRegistryDataWorldLevelInfo=0.044547, SerializeExports=0.328958, SerializeBulkData=0.003841, MoveFile=2.403591, UnaccountedTime=0.857599, RunGuid=RunID0CF1DA1A4AC6ED57BA790287E87FA416
SavePackageTransactionId157198414D329B284A9BB7B2E1EC4950_7, Filename=../../../../../../Users/EllightDunois/Documents/Unreal Projects/MagicDangion/Saved/Autosaves/Game/tes_Auto2.umap, AutoPackageBackupDelegate=11.304986, FlushAsyncLoading=0.007935, FlushStreamingFunc=0.039425, BlockTillAllRequestsFinished=0.003837, ResetLoadersForSaveUnMarkAllObjects=76.721313, TagPackageExports=0.545282, BeginCacheForCookedPlatformData=0.001278, SerializeImports=1.012225, GatherLocalizableTextData=3.420170, MarkNames=0.028670, SerializeSummary=0.008959, SerializeNames=0.240900, SerializeGatherableTextData=0.025343, BuildExportMap=0.153854, SortExportsNonSeekfree=0.091650, SortExportsSeekfreeConstructor=0.037886, SortExportsSeekfreeInner=7.718928, SortExportsSeekfree=0.003330, BuildDependencyMap=0.038911, SerializeImportMap=0.027902, SerializeExportMap=0.014592, SerializeDependencyMap=0.003073, SerializeStringAssetReferenceMap=0.001535, SaveThumbNailsAssetRegistryDataWorldLevelInfo=0.454657, SerializeExports=1.479939, SerializeBulkData=5.222924, MoveFile=2.599943, UnaccountedTime=0.126977, RunGuid=RunID0CF1DA1A4AC6ED57BA790287E87FA416
SavePackageTransactionId157198414D329B284A9BB7B2E1EC4950_8, Filename=../../../../../../Users/EllightDunois/Documents/Unreal Projects/MagicDangion/Saved/Autosaves/Game/BluePrints/Enemys/Slime_Auto2.uasset, AutoPackageBackupDelegate=7.908881, FlushAsyncLoading=0.007425, FlushStreamingFunc=0.036862, BlockTillAllRequestsFinished=0.003073, ResetLoadersForSaveUnMarkAllObjects=0.109058, TagPackageExports=0.912897, BeginCacheForCookedPlatformData=0.001281, SerializeImports=1.282819, GatherLocalizableTextData=1.394436, MarkNames=0.015359, SerializeSummary=0.007425, SerializeNames=0.069886, SerializeGatherableTextData=0.061184, BuildExportMap=0.059903, SortExportsNonSeekfree=0.090625, SortExportsSeekfreeConstructor=0.006657, SortExportsSeekfreeInner=5.097739, SortExportsSeekfree=0.002302, BuildDependencyMap=0.017151, SerializeImportMap=0.006143, SerializeExportMap=0.008449, SerializeDependencyMap=0.002816, SerializeStringAssetReferenceMap=0.001278, SaveThumbNailsAssetRegistryDataWorldLevelInfo=5.586445, SerializeExports=1.332995, SerializeBulkData=0.003327, MoveFile=3.280647, UnaccountedTime=0.119295, RunGuid=RunID0CF1DA1A4AC6ED57BA790287E87FA416
SavePackageTransactionId157198414D329B284A9BB7B2E1EC4950_9, Filename=../../../../../../Users/EllightDunois/Documents/Unreal Projects/MagicDangion/Saved/Autosaves/Game/BluePrints/ButtleGameMode_BP_Auto2.uasset, AutoPackageBackupDelegate=7.691536, FlushAsyncLoading=0.006400, FlushStreamingFunc=0.030208, BlockTillAllRequestsFinished=0.002559, ResetLoadersForSaveUnMarkAllObjects=0.102658, TagPackageExports=3.950600, BeginCacheForCookedPlatformData=0.002049, SerializeImports=4.197896, GatherLocalizableTextData=2.091780, MarkNames=0.022270, SerializeSummary=0.008449, SerializeNames=0.154626, SerializeGatherableTextData=0.009473, BuildExportMap=0.090368, SortExportsNonSeekfree=0.355326, SortExportsSeekfreeConstructor=0.005633, SortExportsSeekfreeInner=5.830158, SortExportsSeekfree=0.002559, BuildDependencyMap=0.029184, SerializeImportMap=0.015359, SerializeExportMap=0.034049, SerializeDependencyMap=0.003584, SerializeStringAssetReferenceMap=0.001281, SaveThumbNailsAssetRegistryDataWorldLevelInfo=0.436224, SerializeExports=4.622858, SerializeBulkData=0.005376, MoveFile=3.752712, UnaccountedTime=0.152063, RunGuid=RunID0CF1DA1A4AC6ED57BA790287E87FA416
SavePackageTransactionId157198414D329B284A9BB7B2E1EC4950_10, Filename=../../../../../../Users/EllightDunois/Documents/Unreal Projects/MagicDangion/Saved/Autosaves/Game/BluePrints/Marisa_BP_Auto2.uasset, AutoPackageBackupDelegate=8.066319, FlushAsyncLoading=0.009473, FlushStreamingFunc=0.040960, BlockTillAllRequestsFinished=0.003327, ResetLoadersForSaveUnMarkAllObjects=0.124417, TagPackageExports=74.122131, BeginCacheForCookedPlatformData=0.005376, SerializeImports=75.214745, GatherLocalizableTextData=15.596066, MarkNames=0.133630, SerializeSummary=0.010241, SerializeNames=0.364803, SerializeGatherableTextData=0.147969, BuildExportMap=0.311807, SortExportsNonSeekfree=2.919175, SortExportsSeekfreeConstructor=0.007425, SortExportsSeekfreeInner=83.569832, SortExportsSeekfree=0.007171, BuildDependencyMap=0.180736, SerializeImportMap=0.024322, SerializeExportMap=0.092927, SerializeDependencyMap=0.019714, SerializeStringAssetReferenceMap=0.001792, SaveThumbNailsAssetRegistryDataWorldLevelInfo=7.694096, SerializeExports=80.050850, SerializeBulkData=0.005886, MoveFile=3.101960, UnaccountedTime=0.212990, RunGuid=RunID0CF1DA1A4AC6ED57BA790287E87FA416
SavePackageTransactionId157198414D329B284A9BB7B2E1EC4950_11, Filename=../../../../../../Users/EllightDunois/Documents/Unreal Projects/MagicDangion/Saved/Autosaves/Game/BluePrints/MagicCall_Auto2.uasset, AutoPackageBackupDelegate=9.490195, FlushAsyncLoading=0.006910, FlushStreamingFunc=0.057857, BlockTillAllRequestsFinished=0.003327, ResetLoadersForSaveUnMarkAllObjects=0.111107, TagPackageExports=13.275166, BeginCacheForCookedPlatformData=0.005119, SerializeImports=13.793051, GatherLocalizableTextData=4.484106, MarkNames=0.037890, SerializeSummary=0.008192, SerializeNames=0.207104, SerializeGatherableTextData=0.069886, BuildExportMap=0.146177, SortExportsNonSeekfree=0.687107, SortExportsSeekfreeConstructor=0.005886, SortExportsSeekfreeInner=14.291741, SortExportsSeekfree=0.004355, BuildDependencyMap=0.059392, SerializeImportMap=0.012543, SerializeExportMap=0.031490, SerializeDependencyMap=0.006653, SerializeStringAssetReferenceMap=0.001281, SaveThumbNailsAssetRegistryDataWorldLevelInfo=0.758272, SerializeExports=15.036960, SerializeBulkData=0.004608, MoveFile=3.036167, UnaccountedTime=0.132352, RunGuid=RunID0CF1DA1A4AC6ED57BA790287E87FA416
SavePackageTransactionId157198414D329B284A9BB7B2E1EC4950_12, Filename=../../../../../../Users/EllightDunois/Documents/Unreal Projects/MagicDangion/Saved/Autosaves/Game/BluePrints/Magics/Fire_small_BP_Auto2.uasset, AutoPackageBackupDelegate=8.166928, FlushAsyncLoading=0.008449, FlushStreamingFunc=0.038657, BlockTillAllRequestsFinished=0.003584, ResetLoadersForSaveUnMarkAllObjects=0.116989, TagPackageExports=5.275916, BeginCacheForCookedPlatformData=0.001535, SerializeImports=5.369101, GatherLocalizableTextData=3.560968, MarkNames=0.024319, SerializeSummary=0.006657, SerializeNames=0.158463, SerializeGatherableTextData=0.051457, BuildExportMap=0.093438, SortExportsNonSeekfree=0.483844, SortExportsSeekfreeConstructor=0.005886, SortExportsSeekfreeInner=7.152654, SortExportsSeekfree=0.003073, BuildDependencyMap=0.059135, SerializeImportMap=0.008702, SerializeExportMap=0.022527, SerializeDependencyMap=0.005886, SerializeStringAssetReferenceMap=0.001792, SaveThumbNailsAssetRegistryDataWorldLevelInfo=0.796676, SerializeExports=7.061005, SerializeBulkData=0.004098, MoveFile=3.494922, UnaccountedTime=0.130814, RunGuid=RunID0CF1DA1A4AC6ED57BA790287E87FA416
SavePackageTransactionId157198414D329B284A9BB7B2E1EC4950_13, Filename=../../../../../../Users/EllightDunois/Documents/Unreal Projects/MagicDangion/Saved/Autosaves/Game/BluePrints/Magics/Magic_BP_Auto2.uasset, AutoPackageBackupDelegate=8.480783, FlushAsyncLoading=0.005633, FlushStreamingFunc=0.034817, BlockTillAllRequestsFinished=0.002816, ResetLoadersForSaveUnMarkAllObjects=0.099842, TagPackageExports=18.983719, BeginCacheForCookedPlatformData=0.002306, SerializeImports=20.404522, GatherLocalizableTextData=7.900946, MarkNames=0.046335, SerializeSummary=0.007678, SerializeNames=0.216324, SerializeGatherableTextData=0.089087, BuildExportMap=0.156160, SortExportsNonSeekfree=1.299970, SortExportsSeekfreeConstructor=0.005890, SortExportsSeekfreeInner=20.102442, SortExportsSeekfree=0.003837, BuildDependencyMap=0.084482, SerializeImportMap=0.016127, SerializeExportMap=0.044800, SerializeDependencyMap=0.007939, SerializeStringAssetReferenceMap=0.001278, SaveThumbNailsAssetRegistryDataWorldLevelInfo=1.154564, SerializeExports=21.515306, SerializeBulkData=0.005890, MoveFile=3.932938, UnaccountedTime=0.165373, RunGuid=RunID0CF1DA1A4AC6ED57BA790287E87FA416
SavePackageTransactionId157198414D329B284A9BB7B2E1EC4950_14, Filename=../../../../../../Users/EllightDunois/Documents/Unreal Projects/MagicDangion/Saved/Autosaves/Game/BluePrints/UMG/MagicIcon_BP_Auto2.uasset, AutoPackageBackupDelegate=7.614993, FlushAsyncLoading=0.005119, FlushStreamingFunc=0.043519, BlockTillAllRequestsFinished=0.003073, ResetLoadersForSaveUnMarkAllObjects=0.098817, TagPackageExports=9.638165, BeginCacheForCookedPlatformData=0.002816, SerializeImports=9.880081, GatherLocalizableTextData=7.004175, MarkNames=0.041474, SerializeSummary=0.009216, SerializeNames=0.217088, SerializeGatherableTextData=0.077311, BuildExportMap=0.149503, SortExportsNonSeekfree=0.763141, SortExportsSeekfreeConstructor=0.005376, SortExportsSeekfreeInner=10.644246, SortExportsSeekfree=0.003584, BuildDependencyMap=0.070401, SerializeImportMap=0.016641, SerializeExportMap=0.036862, SerializeDependencyMap=0.016898, SerializeStringAssetReferenceMap=0.001792, SaveThumbNailsAssetRegistryDataWorldLevelInfo=0.761602, SerializeExports=11.944726, SerializeBulkData=0.005122, MoveFile=3.105287, UnaccountedTime=0.145920, RunGuid=RunID0CF1DA1A4AC6ED57BA790287E87FA416
SavePackageTransactionId157198414D329B284A9BB7B2E1EC4950_15, Filename=../../../../../../Users/EllightDunois/Documents/Unreal Projects/MagicDangion/Saved/Autosaves/Game/BluePrints/UMG/ButtoleUI_Auto2.uasset, AutoPackageBackupDelegate=8.243475, FlushAsyncLoading=0.009216, FlushStreamingFunc=0.043008, BlockTillAllRequestsFinished=0.004351, ResetLoadersForSaveUnMarkAllObjects=0.128768, TagPackageExports=22.924334, BeginCacheForCookedPlatformData=0.003070, SerializeImports=25.072437, GatherLocalizableTextData=9.603604, MarkNames=0.054017, SerializeSummary=0.011008, SerializeNames=0.212736, SerializeGatherableTextData=0.144895, BuildExportMap=0.155136, SortExportsNonSeekfree=1.343235, SortExportsSeekfreeConstructor=0.006657, SortExportsSeekfreeInner=25.450804, SortExportsSeekfree=0.004094, BuildDependencyMap=0.100352, SerializeImportMap=0.018690, SerializeExportMap=0.052992, SerializeDependencyMap=0.020992, SerializeStringAssetReferenceMap=0.001792, SaveThumbNailsAssetRegistryDataWorldLevelInfo=1.254149, SerializeExports=26.164789, SerializeBulkData=0.005119, MoveFile=4.472330, UnaccountedTime=0.166655, RunGuid=RunID0CF1DA1A4AC6ED57BA790287E87FA416
SavePackageTransactionId157198414D329B284A9BB7B2E1EC4950_16, Filename=../../../../../../Users/EllightDunois/Documents/Unreal Projects/MagicDangion/Saved/Autosaves/Game/BluePrints/Magics/Attack_BP_Auto2.uasset, AutoPackageBackupDelegate=8.003857, FlushAsyncLoading=0.005119, FlushStreamingFunc=0.043266, BlockTillAllRequestsFinished=0.002816, ResetLoadersForSaveUnMarkAllObjects=0.097793, TagPackageExports=6.392591, BeginCacheForCookedPlatformData=0.002049, SerializeImports=6.603531, GatherLocalizableTextData=3.344391, MarkNames=0.025857, SerializeSummary=0.008702, SerializeNames=0.160769, SerializeGatherableTextData=0.033282, BuildExportMap=0.096511, SortExportsNonSeekfree=0.648707, SortExportsSeekfreeConstructor=0.005886, SortExportsSeekfreeInner=7.845394, SortExportsSeekfree=0.002302, BuildDependencyMap=0.041217, SerializeImportMap=0.009216, SerializeExportMap=0.025343, SerializeDependencyMap=0.006910, SerializeStringAssetReferenceMap=0.001281, SaveThumbNailsAssetRegistryDataWorldLevelInfo=0.565249, SerializeExports=7.150862, SerializeBulkData=0.005119, MoveFile=2.757382, UnaccountedTime=0.129793, RunGuid=RunID0CF1DA1A4AC6ED57BA790287E87FA416
SavePackageTransactionId157198414D329B284A9BB7B2E1EC4950_17, Filename=../../../../../../Users/EllightDunois/Documents/Unreal Projects/MagicDangion/Saved/Autosaves/Game/BluePrints/Magics/Ice_small_BP_Auto2.uasset, AutoPackageBackupDelegate=8.939281, FlushAsyncLoading=0.004865, FlushStreamingFunc=0.031743, BlockTillAllRequestsFinished=0.003073, ResetLoadersForSaveUnMarkAllObjects=0.099838, TagPackageExports=6.845456, BeginCacheForCookedPlatformData=0.002049, SerializeImports=8.693009, GatherLocalizableTextData=4.074760, MarkNames=0.027135, SerializeSummary=0.007425, SerializeNames=0.176642, SerializeGatherableTextData=0.053246, BuildExportMap=0.105727, SortExportsNonSeekfree=0.555266, SortExportsSeekfreeConstructor=0.005890, SortExportsSeekfreeInner=8.186385, SortExportsSeekfree=0.002302, BuildDependencyMap=7.019278, SerializeImportMap=0.010498, SerializeExportMap=0.025600, SerializeDependencyMap=0.005890, SerializeStringAssetReferenceMap=0.001278, SaveThumbNailsAssetRegistryDataWorldLevelInfo=0.768770, SerializeExports=8.102417, SerializeBulkData=0.004865, MoveFile=2.667781, UnaccountedTime=0.131838, RunGuid=RunID0CF1DA1A4AC6ED57BA790287E87FA416
SavePackageTransactionId157198414D329B284A9BB7B2E1EC4950_18, Filename=../../../../../../Users/EllightDunois/Documents/Unreal Projects/MagicDangion/Content/BluePrints/ButtleGameMode_BP.uasset, AutoPackageBackupDelegate=11.294230, FlushAsyncLoading=0.007682, FlushStreamingFunc=0.041984, BlockTillAllRequestsFinished=0.004862, ResetLoadersForSaveUnMarkAllObjects=0.110850, TagPackageExports=4.375562, BeginCacheForCookedPlatformData=0.002049, SerializeImports=4.550919, GatherLocalizableTextData=2.211332, MarkNames=0.022784, SerializeSummary=0.009730, SerializeNames=0.150785, SerializeGatherableTextData=0.025596, BuildExportMap=0.092164, SortExportsNonSeekfree=0.383232, SortExportsSeekfreeConstructor=0.037886, SortExportsSeekfreeInner=6.175756, SortExportsSeekfree=0.003584, BuildDependencyMap=0.034049, SerializeImportMap=0.012033, SerializeExportMap=0.019968, SerializeDependencyMap=0.003841, SerializeStringAssetReferenceMap=0.001535, SaveThumbNailsAssetRegistryDataWorldLevelInfo=0.439297, SerializeExports=5.326859, SerializeBulkData=0.005886, MoveFile=3.477257, UnaccountedTime=3.124740, RunGuid=RunID0CF1DA1A4AC6ED57BA790287E87FA416
SavePackageTransactionId157198414D329B284A9BB7B2E1EC4950_19, Filename=../../../../../../Users/EllightDunois/Documents/Unreal Projects/MagicDangion/Content/BluePrints/Enemys/Slime.uasset, AutoPackageBackupDelegate=7.904019, FlushAsyncLoading=0.006400, FlushStreamingFunc=0.046335, BlockTillAllRequestsFinished=0.004094, ResetLoadersForSaveUnMarkAllObjects=0.103425, TagPackageExports=0.916481, BeginCacheForCookedPlatformData=0.001535, SerializeImports=1.298182, GatherLocalizableTextData=1.372673, MarkNames=0.016384, SerializeSummary=0.008449, SerializeNames=0.071168, SerializeGatherableTextData=0.069886, BuildExportMap=0.061698, SortExportsNonSeekfree=0.092417, SortExportsSeekfreeConstructor=0.006143, SortExportsSeekfreeInner=5.313035, SortExportsSeekfree=0.003073, BuildDependencyMap=0.019453, SerializeImportMap=0.006400, SerializeExportMap=0.008192, SerializeDependencyMap=0.003070, SerializeStringAssetReferenceMap=0.001535, SaveThumbNailsAssetRegistryDataWorldLevelInfo=0.240900, SerializeExports=1.341697, SerializeBulkData=0.002816, MoveFile=3.082760, UnaccountedTime=2.743043, RunGuid=RunID0CF1DA1A4AC6ED57BA790287E87FA416
SavePackageTransactionId157198414D329B284A9BB7B2E1EC4950_20, Filename=../../../../../../Users/EllightDunois/Documents/Unreal Projects/MagicDangion/Content/BluePrints/MagicCall.uasset, AutoPackageBackupDelegate=8.141074, FlushAsyncLoading=0.005633, FlushStreamingFunc=0.044543, BlockTillAllRequestsFinished=0.003073, ResetLoadersForSaveUnMarkAllObjects=0.099327, TagPackageExports=13.234201, BeginCacheForCookedPlatformData=0.002563, SerializeImports=13.998874, GatherLocalizableTextData=4.519179, MarkNames=0.041470, SerializeSummary=0.008192, SerializeNames=0.213761, SerializeGatherableTextData=0.076033, BuildExportMap=0.148226, SortExportsNonSeekfree=0.687871, SortExportsSeekfreeConstructor=0.006400, SortExportsSeekfreeInner=14.372896, SortExportsSeekfree=0.003327, BuildDependencyMap=0.056062, SerializeImportMap=0.014849, SerializeExportMap=0.032514, SerializeDependencyMap=0.005886, SerializeStringAssetReferenceMap=0.001792, SaveThumbNailsAssetRegistryDataWorldLevelInfo=0.750083, SerializeExports=15.339807, SerializeBulkData=0.005886, MoveFile=3.213316, UnaccountedTime=2.894342, RunGuid=RunID0CF1DA1A4AC6ED57BA790287E87FA416
SavePackageTransactionId157198414D329B284A9BB7B2E1EC4950_21, Filename=../../../../../../Users/EllightDunois/Documents/Unreal Projects/MagicDangion/Content/BluePrints/Magics/Attack_BP.uasset, AutoPackageBackupDelegate=8.237585, FlushAsyncLoading=0.006657, FlushStreamingFunc=0.043519, BlockTillAllRequestsFinished=0.004608, ResetLoadersForSaveUnMarkAllObjects=0.118785, TagPackageExports=6.343178, BeginCacheForCookedPlatformData=0.001539, SerializeImports=6.407693, GatherLocalizableTextData=3.315207, MarkNames=0.026111, SerializeSummary=0.008449, SerializeNames=0.151295, SerializeGatherableTextData=0.031233, BuildExportMap=0.096511, SortExportsNonSeekfree=0.655361, SortExportsSeekfreeConstructor=0.005890, SortExportsSeekfreeInner=7.790606, SortExportsSeekfree=0.002563, BuildDependencyMap=0.044029, SerializeImportMap=0.009470, SerializeExportMap=0.025343, SerializeDependencyMap=0.007935, SerializeStringAssetReferenceMap=0.001796, SaveThumbNailsAssetRegistryDataWorldLevelInfo=0.604417, SerializeExports=7.510543, SerializeBulkData=0.004608, MoveFile=3.245834, UnaccountedTime=2.811395, RunGuid=RunID0CF1DA1A4AC6ED57BA790287E87FA416
SavePackageTransactionId157198414D329B284A9BB7B2E1EC4950_22, Filename=../../../../../../Users/EllightDunois/Documents/Unreal Projects/MagicDangion/Content/BluePrints/Magics/Fire_small_BP.uasset, AutoPackageBackupDelegate=8.209680, FlushAsyncLoading=0.006147, FlushStreamingFunc=0.041984, BlockTillAllRequestsFinished=0.004351, ResetLoadersForSaveUnMarkAllObjects=0.102144, TagPackageExports=5.326859, BeginCacheForCookedPlatformData=0.001535, SerializeImports=5.456139, GatherLocalizableTextData=3.532808, MarkNames=0.023808, SerializeSummary=0.008192, SerializeNames=0.171520, SerializeGatherableTextData=0.042498, BuildExportMap=0.093952, SortExportsNonSeekfree=0.487167, SortExportsSeekfreeConstructor=0.005890, SortExportsSeekfreeInner=6.999310, SortExportsSeekfree=0.002302, BuildDependencyMap=0.039939, SerializeImportMap=0.007935, SerializeExportMap=0.021759, SerializeDependencyMap=0.004604, SerializeStringAssetReferenceMap=0.001281, SaveThumbNailsAssetRegistryDataWorldLevelInfo=0.488706, SerializeExports=6.086156, SerializeBulkData=0.003073, MoveFile=3.452167, UnaccountedTime=3.156487, RunGuid=RunID0CF1DA1A4AC6ED57BA790287E87FA416
SavePackageTransactionId157198414D329B284A9BB7B2E1EC4950_23, Filename=../../../../../../Users/EllightDunois/Documents/Unreal Projects/MagicDangion/Content/BluePrints/Magics/Ice_small_BP.uasset, AutoPackageBackupDelegate=8.009747, FlushAsyncLoading=0.006657, FlushStreamingFunc=0.046588, BlockTillAllRequestsFinished=0.004355, ResetLoadersForSaveUnMarkAllObjects=0.119552, TagPackageExports=6.808847, BeginCacheForCookedPlatformData=0.003327, SerializeImports=7.106830, GatherLocalizableTextData=4.048139, MarkNames=0.048384, SerializeSummary=0.013825, SerializeNames=0.181504, SerializeGatherableTextData=0.045057, BuildExportMap=0.104703, SortExportsNonSeekfree=0.558592, SortExportsSeekfreeConstructor=0.006143, SortExportsSeekfreeInner=8.428052, SortExportsSeekfree=0.002559, BuildDependencyMap=0.045054, SerializeImportMap=0.007935, SerializeExportMap=0.024576, SerializeDependencyMap=0.007167, SerializeStringAssetReferenceMap=0.001535, SaveThumbNailsAssetRegistryDataWorldLevelInfo=0.557572, SerializeExports=7.698704, SerializeBulkData=0.003584, MoveFile=3.064584, UnaccountedTime=3.027972, RunGuid=RunID0CF1DA1A4AC6ED57BA790287E87FA416
SavePackageTransactionId157198414D329B284A9BB7B2E1EC4950_24, Filename=../../../../../../Users/EllightDunois/Documents/Unreal Projects/MagicDangion/Content/BluePrints/Magics/Magic_BP.uasset, AutoPackageBackupDelegate=8.264467, FlushAsyncLoading=0.005119, FlushStreamingFunc=0.039935, BlockTillAllRequestsFinished=0.003841, ResetLoadersForSaveUnMarkAllObjects=0.110593, TagPackageExports=19.328810, BeginCacheForCookedPlatformData=0.002559, SerializeImports=19.713831, GatherLocalizableTextData=7.817488, MarkNames=0.047874, SerializeSummary=0.009216, SerializeNames=0.214528, SerializeGatherableTextData=0.088576, BuildExportMap=0.160769, SortExportsNonSeekfree=1.288194, SortExportsSeekfreeConstructor=0.006400, SortExportsSeekfreeInner=19.964457, SortExportsSeekfree=0.004098, BuildDependencyMap=0.084221, SerializeImportMap=0.013825, SerializeExportMap=0.044033, SerializeDependencyMap=0.007935, SerializeStringAssetReferenceMap=0.001281, SaveThumbNailsAssetRegistryDataWorldLevelInfo=1.145858, SerializeExports=21.162792, SerializeBulkData=0.004865, MoveFile=3.231239, UnaccountedTime=2.966277, RunGuid=RunID0CF1DA1A4AC6ED57BA790287E87FA416
SavePackageTransactionId157198414D329B284A9BB7B2E1EC4950_25, Filename=../../../../../../Users/EllightDunois/Documents/Unreal Projects/MagicDangion/Content/BluePrints/MagicStenby.uasset, AutoPackageBackupDelegate=10.186002, FlushAsyncLoading=0.006147, FlushStreamingFunc=0.054270, BlockTillAllRequestsFinished=0.002816, ResetLoadersForSaveUnMarkAllObjects=0.109568, TagPackageExports=25.403957, BeginCacheForCookedPlatformData=0.003073, SerializeImports=25.774643, GatherLocalizableTextData=7.134993, MarkNames=0.058878, SerializeSummary=0.007935, SerializeNames=0.231683, SerializeGatherableTextData=0.079617, BuildExportMap=0.169471, SortExportsNonSeekfree=1.378052, SortExportsSeekfreeConstructor=0.006653, SortExportsSeekfreeInner=26.678585, SortExportsSeekfree=0.005376, BuildDependencyMap=0.091393, SerializeImportMap=0.016127, SerializeExportMap=0.049666, SerializeDependencyMap=0.013053, SerializeStringAssetReferenceMap=0.002306, SaveThumbNailsAssetRegistryDataWorldLevelInfo=1.391619, SerializeExports=28.194870, SerializeBulkData=0.006914, MoveFile=3.287558, UnaccountedTime=0.930306, RunGuid=RunID0CF1DA1A4AC6ED57BA790287E87FA416
SavePackageTransactionId157198414D329B284A9BB7B2E1EC4950_26, Filename=../../../../../../Users/EllightDunois/Documents/Unreal Projects/MagicDangion/Content/BluePrints/Marisa_BP.uasset, AutoPackageBackupDelegate=8.432142, FlushAsyncLoading=0.012290, FlushStreamingFunc=0.049662, BlockTillAllRequestsFinished=0.003841, ResetLoadersForSaveUnMarkAllObjects=0.249602, TagPackageExports=72.513428, BeginCacheForCookedPlatformData=0.005633, SerializeImports=72.988312, GatherLocalizableTextData=16.196129, MarkNames=0.135168, SerializeSummary=0.010751, SerializeNames=0.345603, SerializeGatherableTextData=0.136960, BuildExportMap=0.308990, SortExportsNonSeekfree=2.722055, SortExportsSeekfreeConstructor=0.007682, SortExportsSeekfreeInner=79.252129, SortExportsSeekfree=0.006147, BuildDependencyMap=0.175871, SerializeImportMap=0.025090, SerializeExportMap=0.093184, SerializeDependencyMap=0.020221, SerializeStringAssetReferenceMap=0.001539, SaveThumbNailsAssetRegistryDataWorldLevelInfo=7.449101, SerializeExports=77.931679, SerializeBulkData=0.008192, MoveFile=3.180806, UnaccountedTime=2.808068, RunGuid=RunID0CF1DA1A4AC6ED57BA790287E87FA416
SavePackageTransactionId157198414D329B284A9BB7B2E1EC4950_27, Filename=../../../../../../Users/EllightDunois/Documents/Unreal Projects/MagicDangion/Content/BluePrints/UMG/ButtoleUI.uasset, AutoPackageBackupDelegate=8.720916, FlushAsyncLoading=0.010751, FlushStreamingFunc=0.052735, BlockTillAllRequestsFinished=0.004865, ResetLoadersForSaveUnMarkAllObjects=0.137985, TagPackageExports=22.879023, BeginCacheForCookedPlatformData=0.003073, SerializeImports=23.613230, GatherLocalizableTextData=9.601556, MarkNames=0.055809, SerializeSummary=0.011008, SerializeNames=0.226561, SerializeGatherableTextData=0.142850, BuildExportMap=0.164352, SortExportsNonSeekfree=1.352448, SortExportsSeekfreeConstructor=0.006657, SortExportsSeekfreeInner=23.482159, SortExportsSeekfree=0.004608, BuildDependencyMap=0.107266, SerializeImportMap=0.020739, SerializeExportMap=0.051711, SerializeDependencyMap=0.020739, SerializeStringAssetReferenceMap=0.001535, SaveThumbNailsAssetRegistryDataWorldLevelInfo=16.198944, SerializeExports=26.170168, SerializeBulkData=0.005629, MoveFile=3.392264, UnaccountedTime=1.903877, RunGuid=RunID0CF1DA1A4AC6ED57BA790287E87FA416
SavePackageTransactionId157198414D329B284A9BB7B2E1EC4950_28, Filename=../../../../../../Users/EllightDunois/Documents/Unreal Projects/MagicDangion/Content/BluePrints/UMG/DamageWidget_BP.uasset, AutoPackageBackupDelegate=9.466902, FlushAsyncLoading=0.006653, FlushStreamingFunc=0.043523, BlockTillAllRequestsFinished=0.004608, ResetLoadersForSaveUnMarkAllObjects=0.112895, TagPackageExports=19.487783, BeginCacheForCookedPlatformData=0.003073, SerializeImports=20.052008, GatherLocalizableTextData=8.490771, MarkNames=0.054270, SerializeSummary=0.008706, SerializeNames=0.243966, SerializeGatherableTextData=0.087041, BuildExportMap=0.169728, SortExportsNonSeekfree=1.412611, SortExportsSeekfreeConstructor=0.006400, SortExportsSeekfreeInner=19.824423, SortExportsSeekfree=0.004608, BuildDependencyMap=0.107009, SerializeImportMap=0.017155, SerializeExportMap=0.052221, SerializeDependencyMap=0.011008, SerializeStringAssetReferenceMap=0.001792, SaveThumbNailsAssetRegistryDataWorldLevelInfo=1.199875, SerializeExports=22.109997, SerializeBulkData=0.004862, MoveFile=3.053319, UnaccountedTime=0.914689, RunGuid=RunID0CF1DA1A4AC6ED57BA790287E87FA416
SavePackageTransactionId157198414D329B284A9BB7B2E1EC4950_29, Filename=../../../../../../Users/EllightDunois/Documents/Unreal Projects/MagicDangion/Content/BluePrints/UMG/MagicIcon_BP.uasset, AutoPackageBackupDelegate=7.990543, FlushAsyncLoading=0.005122, FlushStreamingFunc=0.040960, BlockTillAllRequestsFinished=0.003837, ResetLoadersForSaveUnMarkAllObjects=0.102401, TagPackageExports=9.329427, BeginCacheForCookedPlatformData=0.001792, SerializeImports=9.987861, GatherLocalizableTextData=6.896142, MarkNames=0.040706, SerializeSummary=0.009470, SerializeNames=0.235520, SerializeGatherableTextData=0.079360, BuildExportMap=0.148736, SortExportsNonSeekfree=0.760324, SortExportsSeekfreeConstructor=0.006143, SortExportsSeekfreeInner=10.552854, SortExportsSeekfree=0.002559, BuildDependencyMap=0.056576, SerializeImportMap=0.016894, SerializeExportMap=0.037890, SerializeDependencyMap=0.008959, SerializeStringAssetReferenceMap=0.001539, SaveThumbNailsAssetRegistryDataWorldLevelInfo=0.741120, SerializeExports=11.832345, SerializeBulkData=0.005119, MoveFile=2.935302, UnaccountedTime=2.000388, RunGuid=RunID0CF1DA1A4AC6ED57BA790287E87FA416
SavePackageTransactionId157198414D329B284A9BB7B2E1EC4950_30, Filename=../../../../../../Users/EllightDunois/Documents/Unreal Projects/MagicDangion/Content/tes.umap, AutoPackageBackupDelegate=8.305170, FlushAsyncLoading=0.005890, FlushStreamingFunc=0.050433, BlockTillAllRequestsFinished=0.003584, ResetLoadersForSaveUnMarkAllObjects=81.472679, TagPackageExports=0.552703, BeginCacheForCookedPlatformData=0.001539, SerializeImports=0.992257, GatherLocalizableTextData=3.392518, MarkNames=0.027649, SerializeSummary=0.008702, SerializeNames=0.226818, SerializeGatherableTextData=0.024576, BuildExportMap=0.154883, SortExportsNonSeekfree=0.087805, SortExportsSeekfreeConstructor=0.037890, SortExportsSeekfreeInner=7.839248, SortExportsSeekfree=0.003584, BuildDependencyMap=0.043519, SerializeImportMap=0.015102, SerializeExportMap=0.013568, SerializeDependencyMap=0.003070, SerializeStringAssetReferenceMap=0.001281, SaveThumbNailsAssetRegistryDataWorldLevelInfo=0.435714, SerializeExports=1.494274, SerializeBulkData=2.493702, MoveFile=2.857991, UnaccountedTime=0.877060, RunGuid=RunID0CF1DA1A4AC6ED57BA790287E87FA416
